{"cameraMode":{"drawMode":0,"name":"Shaded","section":"Shading Mode"},"sceneLighting":true,"audioPlay":false,"sceneViewState":{"m_AlwaysRefresh":false,"showFog":true,"showSkybox":true,"showFlares":true,"showImageEffects":true,"showParticleSystems":true,"showVisualEffectGraphs":true,"m_FxEnabled":true},"in2DMode":false,"pivot":{"x":-6.3145246505737309,"y":0.9555215835571289,"z":-0.7328931093215942},"rotation":{"x":0.6888406276702881,"y":-0.0032618511468172075,"z":0.003099696943536401,"w":0.724898636341095},"size":3.847092390060425,"orthographic":false}